{
  "MAE_W_mK": 0.001503,
  "RMSE_W_mK": 0.002872,
  "R2": 0.8854,
  "MAPE_percent": 6.71,
  "Max_error_W_mK": 0.021629,
  "Max_error_percent": 32.2,
  "n_samples": 135
}